latencia,123,143,120,113,118,115,121,111,120,128,122,120,124 
TX,368316710,RX,368316710,DROP_MCAST_PORT_OUT_BOUNDS,0,DROP,98
latencia,109,127,122,126,113,109,123,128,114,130,111,120,125 
TX,368316710,RX,368316710,DROP_MCAST_PORT_OUT_BOUNDS,0,DROP,97
latencia,121,123,120,115,130,121,123,127,120,115,123,117,115 
TX,368308522,RX,368308522,DROP_MCAST_PORT_OUT_BOUNDS,0,DROP,87
latencia,135,127,118,125,128,131,138,126,125,119,111,128,121 
TX,368310569,RX,368310569,DROP_MCAST_PORT_OUT_BOUNDS,0,DROP,102
latencia,128,124,134,126,114,123,132,129,116,126,125,124,124 
TX,368320804,RX,368320804,DROP_MCAST_PORT_OUT_BOUNDS,0,DROP,89
latencia,124,130,123,129,123,127,123,115,128,118,123,124,123 
TX,368306475,RX,368306475,DROP_MCAST_PORT_OUT_BOUNDS,0,DROP,96
latencia,121,117,119,116,140,133,125,124,120,112,120,121,123 
TX,368316710,RX,368316710,DROP_MCAST_PORT_OUT_BOUNDS,0,DROP,95
latencia,129,117,127,126,130,116,122,129,133,113,117,126,127 
TX,368310569,RX,368310569,DROP_MCAST_PORT_OUT_BOUNDS,0,DROP,89
latencia,124,127,118,128,118,126,122,120,120,137,114,124,128 
TX,368310569,RX,368310569,DROP_MCAST_PORT_OUT_BOUNDS,0,DROP,92
latencia,133,121,128,123,113,111,114,125,124,128,126,134,130 
TX,368310569,RX,368310569,DROP_MCAST_PORT_OUT_BOUNDS,0,DROP,96
